{
  "meta": {
    "matplotlib_version": "3.9.4",
    "n": 120,
    "numpy_version": "1.26.4",
    "seed": 1337
  },
  "metrics": {
    "mse": 0.0533590818274611,
    "r2": 0.9954524649837679
  },
  "model": {
    "intercept": 1.0233384395752623,
    "slope": 3.029143857065046
  },
  "results_checksum": "f0a0de02b4d1228eeebc008fa4e6784339897dfc826b39fe69b152473b7fa145"
}
